__family,mean_test_btc,mean_train_btc,fees,turnover,turns,n,std_test,score
"(0.0493, 0.0095, 120, 60, 1.0)",1.0010641784398446,1.0225118981645056,0.01124761561072,19.99576108572455,336.0,1,,-9.00806398003315
"(0.0467, 0.0149, 120, 240, 0.5)",0.9695375886483676,1.0415335716652867,0.0112815339996936,20.056060443899742,556.0,1,,-9.069774167301198
"(0.0483, 0.0103, 120, 180, 0.5)",0.9239551346700656,2.220197375770188,0.0119256083348637,21.20108148420221,92.0,1,,-9.688511215765903
"(0.0477, 0.0296, 160, 240, 1.0)",0.9806016283633052,1.0052457837499968,0.012362898026697,21.978485380794822,146.0,1,,-10.021003960060803
"(0.0478, 0.0234, 120, 120, 0.33)",0.9850554083750448,1.7896995071782975,0.0123898120114228,22.02633246475164,60.0,1,,-10.040500636012197
"(0.0486, 0.0076, 120, 120, 1.0)",0.979143918886048,1.0534865690549438,0.0124405467073537,22.11652747974007,388.0,1,,-10.091560367691342
"(0.05, 0.0236, 200, 120, 0.33)",0.9677134006080286,1.233160985184413,0.0125955050506013,22.392008978846803,186.0,1,,-10.240886593865975
"(0.0481, 0.0251, 200, 120, 0.33)",0.9069725684521096,1.261744373434773,0.013017114133809,23.14153623788277,676.0,1,,-10.676812664623085
"(0.0436, 0.0067, 120, 120, 0.5)",0.9035917029643384,1.2623538484786974,0.0136120491713248,24.19919852679966,343.0,1,,-11.209619609606817
"(0.0493, 0.0126, 320, 240, 1.0)",0.8993528346796459,1.263000284939745,0.0143175785720341,25.453473016949623,469.0,1,,-11.8417012523672
"(0.0491, 0.0284, 160, 180, 0.33)",0.9108120448223502,1.1823986473748462,0.0164669513730951,29.27458021883587,404.0,1,,-13.74294501596868
"(0.0488, 0.0058, 320, 240, 1.0)",0.8273256345469491,1.301782617926789,0.0171270566950115,30.448100791131715,602.0,1,,-14.413851817713919
"(0.0473, 0.0067, 200, 240, 0.33)",0.856169173796875,1.508256373351501,0.0172193191455802,30.61212292547596,1255.0,1,,-14.467111608086684
"(0.0486, 0.0056, 160, 180, 0.33)",0.8646460053015466,1.353706699813069,0.0173674355268776,30.87544093667127,1082.0,1,,-14.590441898560966
"(0.0473, 0.0172, 120, 240, 1.0)",0.9766460531670432,1.1457640712145445,0.0176539394689481,31.384781278130085,255.0,1,,-14.733398525366947
"(0.0471, 0.006, 160, 240, 0.5)",0.8920310757569209,2.5415971480708306,0.0179930866415187,31.98770958492209,404.0,1,,-15.119816803345643
"(0.0457, 0.0247, 200, 180, 0.33)",0.867564450618444,1.306605118801766,0.0180622937977109,32.11074452926387,413.0,1,,-15.2058701078112
"(0.0466, 0.0274, 120, 180, 0.33)",0.9742445223331936,1.862446872079076,0.0187248162966339,33.2885623051268,103.0,1,,-15.688761446526842
"(0.0472, 0.0212, 160, 240, 0.5)",0.9568572739362564,1.1025082766259315,0.0187498703532285,33.333102850183984,670.0,1,,-15.728444021508963
"(0.0498, 0.0098, 240, 240, 1.0)",0.941625570867799,1.325990697558044,0.0190609505640152,33.88613433602715,724.0,1,,-16.02050254770979
"(0.0496, 0.0223, 240, 60, 1.0)",0.8842402211034698,1.3100534392101344,0.0198562124158267,35.299933183692154,529.0,1,,-16.785582583158433
"(0.0451, 0.0253, 240, 180, 1.0)",0.9648038600140112,1.3046221427664633,0.0202157010345784,35.93902406147285,434.0,1,,-17.024923871756993
"(0.048, 0.0249, 160, 60, 0.33)",0.924344814353941,2.1200566976744035,0.0207313802102338,36.8557870404156,523.0,1,,-17.524280086064092
"(0.046, 0.0117, 240, 120, 0.5)",0.9325540972625584,1.4484556944287632,0.0210414971091815,37.4071059718784,543.0,1,,-17.792040385785825
"(0.0464, 0.0201, 160, 240, 1.0)",0.8727596565928978,1.2224828761880546,0.0216750346781397,38.5333949833594,469.0,1,,-18.415612869764942
"(0.0391, 0.0054, 200, 120, 0.5)",0.8890046549187609,1.3764472576162696,0.0219829414723458,39.08078483972598,324.0,1,,-18.673370706416573
"(0.0409, 0.0086, 160, 240, 0.33)",0.8517028197589513,1.4015337124847742,0.0222059990566717,39.47733165630535,374.0,1,,-18.909169007450398
"(0.0453, 0.0243, 120, 180, 0.33)",0.9232735622955188,1.0978133022764225,0.0223482761421505,39.73026869715655,424.0,1,,-18.96420906242491
"(0.0477, 0.0263, 160, 120, 0.33)",0.8289115773750864,1.187509180785604,0.0227659265957511,40.47275839244653,830.0,1,,-19.43023354544393
"(0.045, 0.0057, 160, 240, 0.66)",0.8167735437206816,1.2498476849508948,0.0236876337039642,42.11134880704761,1836.0,1,,-20.26258849350709
"(0.0384, 0.0136, 120, 180, 0.5)",0.9687283138439556,1.052842590425504,0.0246617614390501,43.843131447200335,403.0,1,,-20.977499171195262
"(0.0402, 0.0052, 200, 240, 0.33)",0.8878522299658753,1.4414644309771287,0.0245905541923694,43.716540786434514,1717.0,1,,-20.995008717443753
"(0.0477, 0.0061, 200, 60, 0.33)",0.8733029316499387,1.442500332607908,0.0248622503300939,44.19955614238904,1414.0,1,,-21.251337389874678
"(0.048, 0.0111, 320, 240, 0.33)",0.8609677367843942,1.287258360263177,0.0257928386629482,45.85393540079669,1505.0,1,,-22.0917928022769
"(0.0337, 0.0191, 160, 240, 0.5)",0.916608169467594,1.1376430843217151,0.0259221985427776,46.08390852049352,406.0,1,,-22.151268289321944
"(0.0474, 0.0229, 240, 120, 1.0)",0.82901588956821,1.4230073788018038,0.0262829744382872,46.725287890288534,524.0,1,,-22.559911030014344
"(0.0324, 0.0117, 120, 60, 0.5)",0.9024838335517024,0.9939432781360744,0.02726742193075,48.47541676577787,575.0,1,,-23.362491971267985
"(0.0358, 0.0203, 200, 240, 0.5)",0.8841623787677654,1.1959481385034314,0.0273982806302315,48.70805445374488,490.0,1,,-23.497263128734904
"(0.0494, 0.0202, 320, 120, 1.0)",0.8298087854448337,1.556474048582044,0.0278999644874674,49.599936866608694,1600.0,1,,-23.99805961234698
"(0.045, 0.007, 120, 60, 0.33)",0.8874362831219542,1.3680924887725971,0.0280437708590802,49.855592638364605,1074.0,1,,-24.068403806919427
"(0.048, 0.0286, 160, 180, 0.66)",0.9108560269846032,1.9188239493303012,0.0284694638728761,50.61238021844647,1180.0,1,,-24.423803546111508
"(0.0437, 0.0176, 320, 120, 1.0)",0.8472222817791545,1.4536791432602,0.0286321944734215,50.901679063860605,1593.0,1,,-24.63224944462457
"(0.0369, 0.0057, 320, 180, 0.66)",0.8938235382260493,1.1221843430810807,0.0289509283987148,51.46831715327098,888.0,1,,-24.869285966808157
"(0.0422, 0.0091, 200, 240, 0.33)",0.8644594384527617,1.5798371862721765,0.029033248202048,51.61466347030776,1203.0,1,,-24.971905544903166
"(0.0397, 0.0144, 200, 240, 0.5)",0.9165805900822392,1.4557070062762014,0.0295511039777604,52.535295960462754,1402.0,1,,-25.3806184941269
"(0.045, 0.0152, 320, 60, 1.0)",0.8225603381351583,1.413331767021676,0.0306376333824954,54.46690379110318,1820.0,1,,-26.441529190798924
"(0.0415, 0.0193, 200, 180, 0.66)",0.8627347074972633,1.9988617518156848,0.0307240044239423,54.620452309231,905.0,1,,-26.478215451542177
"(0.0398, 0.0139, 240, 60, 0.66)",0.9375099753737042,1.4063985966845771,0.0322242675379578,57.28758673414726,730.0,1,,-27.738507659237886
"(0.0423, 0.0243, 320, 60, 1.0)",0.9219720460410152,1.276237579220604,0.0322918771131662,57.40778153451768,856.0,1,,-27.81421059833099
"(0.0374, 0.0214, 160, 60, 0.33)",0.946887302558248,1.2022235296235293,0.0324402708731036,57.67159266329532,888.0,1,,-27.921349299962515
"(0.0379, 0.0067, 160, 120, 0.33)",0.9264903778954552,2.52388643918314,0.0324287102528206,57.651040449458826,896.0,1,,-27.931458557086778
"(0.0463, 0.0176, 200, 180, 0.5)",0.8368767683680393,2.19281494204055,0.0323980894801721,57.596603520305926,1151.0,1,,-27.993823081265095
"(0.0289, 0.0205, 120, 180, 1.0)",0.9944672931325896,0.9739821831968948,0.0331706352833531,58.97001828151684,580.0,1,,-28.523712482909186
"(0.0473, 0.0171, 240, 180, 0.66)",0.870983998871226,1.3436650805682069,0.0342512495523672,60.89111031531958,1454.0,1,,-29.60882240834093
"(0.0473, 0.029, 320, 180, 0.5)",0.9406684890975716,2.299416271011098,0.0344610661252675,61.264117556031046,482.0,1,,-29.72585135504322
"(0.041, 0.0151, 240, 180, 0.33)",0.8762459718320659,1.4173330396497168,0.0345592311685851,61.43863318859572,2134.0,1,,-29.87762985363438
"(0.0447, 0.0107, 240, 240, 0.33)",0.8151993112428754,1.4446196839681338,0.0348422012304185,61.94169107629971,2161.0,1,,-30.1904884281374
"(0.0302, 0.0206, 160, 180, 0.5)",0.9495824995518192,1.0865498243280172,0.0350291720992401,62.27408373198225,583.0,1,,-30.222488538538546
"(0.0409, 0.0064, 160, 60, 1.0)",0.8306961432143518,2.252034044237089,0.0351910795272224,62.561919159506736,2308.0,1,,-30.485454516066238
"(0.0383, 0.0104, 320, 180, 0.33)",0.8870814647725431,1.36848697498766,0.0354985949576458,63.10861325803724,2774.0,1,,-30.70272375920372
"(0.0383, 0.0094, 160, 240, 1.0)",0.934901156983316,2.4643897629302063,0.0357276296677299,63.51578607596442,725.0,1,,-30.858719510666624
"(0.0429, 0.0227, 320, 240, 0.33)",0.9487712619698824,2.231619307635594,0.0364526946759844,64.80479053508365,822.0,1,,-31.49007670024793
"(0.0366, 0.0162, 200, 240, 1.0)",0.9033195845090904,2.4460277551616105,0.0365687298420962,65.01107527483795,602.0,1,,-31.638786782751982
"(0.0345, 0.0106, 160, 60, 0.33)",1.0173520094491568,2.3480366980115965,0.0372272752141685,66.18182260296659,1477.0,1,,-32.110786567248304
"(0.0494, 0.0126, 120, 240, 0.5)",0.9345172104458794,0.800755134848489,0.037628168773455,66.89452226392044,1642.0,1,,-32.550372090287794
"(0.0424, 0.0293, 200, 180, 0.5)",0.8508149139631555,1.928732774395453,0.0375645126425104,66.78135580890732,636.0,1,,-32.577427503133016
"(0.035, 0.0129, 120, 180, 0.5)",0.9988406729030516,2.4217341574668305,0.0382865646981164,68.06500390776274,1534.0,1,,-33.07194784567643
"(0.0378, 0.0235, 320, 120, 0.5)",0.9218144486704384,1.1979544876834682,0.0391760629728886,69.64633417402445,838.0,1,,-33.940528701314676
"(0.0493, 0.0066, 200, 120, 0.5)",1.051052651991647,1.2207500327941034,0.0394579351745484,70.14744031030814,3002.0,1,,-34.06212543833697
"(0.0377, 0.0171, 320, 240, 0.33)",0.8746016468994694,1.3036561545180203,0.0394494316074065,70.13232285761144,2519.0,1,,-34.23100921351366
"(0.0496, 0.0287, 120, 180, 0.5)",0.8941316167944461,0.8851587806688576,0.0396171194719471,70.43043461679477,735.0,1,,-34.36070281107489
"(0.0345, 0.0282, 160, 120, 1.0)",1.014385001401624,0.8937487806732953,0.0398294050147356,70.80783113730763,516.0,1,,-34.42935997226693
"(0.0371, 0.0088, 160, 120, 0.5)",0.8155113826082767,1.1894801699047883,0.0404339051541497,71.88249805182186,1577.0,1,,-35.1661715484568
"(0.0365, 0.0205, 200, 180, 0.33)",0.940722475199938,1.2660446666440244,0.0408296269520048,72.5860034702303,2477.0,1,,-35.39310888686722
"(0.0382, 0.0062, 240, 180, 0.66)",0.9327685696834066,2.3218053976617816,0.0413841404587771,73.57180526004807,3014.0,1,,-35.8945182007994
"(0.044, 0.0283, 320, 240, 0.66)",0.9180105035157884,2.487707952439907,0.0418779655013128,74.44971644677865,640.0,1,,-36.34872568537485
"(0.0367, 0.0237, 240, 60, 0.5)",0.9059431446446372,1.1545103752754928,0.0420456191343854,74.74776735001902,609.0,1,,-36.509986149499255
"(0.0291, 0.0051, 240, 60, 1.0)",0.9980514034072876,1.0376466718445192,0.0421968637109713,75.0166465972825,1457.0,1,,-36.55246875894493
"(0.0442, 0.0068, 200, 240, 0.33)",0.9573647651003216,2.8652081978055857,0.0422029036009431,75.02738417945453,2114.0,1,,-36.59853022822789
"(0.0466, 0.0144, 160, 240, 0.33)",1.0431046463626923,1.4973494925842528,0.0430879818035447,76.60085653963512,1163.0,1,,-37.30041160525841
"(0.0367, 0.0145, 120, 240, 0.5)",1.0087196455859189,2.68608173537578,0.0431402511419621,76.69377980793234,1715.0,1,,-37.381310509522216
"(0.0356, 0.0234, 160, 120, 1.0)",0.9289857250958976,2.04218009295903,0.0432424976448022,76.87555136853726,701.0,1,,-37.552032456817535
"(0.039, 0.0221, 320, 180, 0.33)",0.9103323989458222,1.460712124024025,0.043480111178172,77.29797542786146,1948.0,1,,-37.78213542616308
"(0.0256, 0.0189, 120, 120, 0.66)",0.9906498625789424,0.9399301750390732,0.0438867847778326,78.02095071614691,505.0,1,,-38.06371228027235
"(0.0439, 0.0107, 200, 180, 0.66)",0.8400819300339802,1.3182813352413147,0.0440310675127089,78.27745335592708,1810.0,1,,-38.34267581544227
"(0.0469, 0.0157, 120, 120, 0.5)",1.0994524681992437,0.8820157092710954,0.0446036520648421,79.29538144860851,459.0,1,,-38.59284190816985
"(0.0493, 0.008, 240, 180, 1.0)",1.2596501778290317,1.1124994421657664,0.0454316509006928,80.7673793790091,1006.0,1,,-39.16947116257621
"(0.0371, 0.0213, 200, 180, 1.0)",0.9620585101026976,2.0706633404626986,0.0453956445880461,80.70336815652658,1577.0,1,,-39.43502121274864
"(0.04, 0.0095, 160, 240, 1.0)",1.0252761554263816,1.3442410379090797,0.0454888365174399,80.86904269767082,478.0,1,,-39.45473402992647
"(0.0381, 0.012, 240, 120, 0.66)",0.9637037612483098,1.4520169130193197,0.0454377762095869,80.77826881704371,1655.0,1,,-39.47086842348313
"(0.0479, 0.0288, 200, 60, 0.33)",0.8723833674552759,1.3386326589556266,0.0455231891752562,80.93011408934423,474.0,1,,-39.63819686639209
"(0.0497, 0.0118, 200, 180, 0.66)",1.084927120381578,3.1293950681346865,0.0458828674978084,81.56954221832595,1356.0,1,,-39.745726856279205
"(0.0344, 0.0105, 320, 180, 0.5)",0.8936346307118459,1.1231386816975362,0.0457250654408985,81.28900522826399,931.0,1,,-39.79659304886105
"(0.0338, 0.0109, 200, 60, 0.33)",0.9263746507200032,1.1508412904166634,0.0461290103815878,82.00712956726717,2694.0,1,,-40.12331914329517
"(0.0411, 0.0057, 320, 60, 0.66)",0.9037490195270922,2.21726834297796,0.0465009306316827,82.66832112299169,3591.0,1,,-40.47691247260043
"(0.039, 0.0052, 160, 180, 1.0)",0.9126181802553788,1.153384960381406,0.0476995026050975,84.79911574239563,1076.0,1,,-41.534639193547534
"(0.0437, 0.0191, 240, 60, 0.33)",1.0374449659702296,1.1589099697352705,0.0478974575752357,85.15103568930797,942.0,1,,-41.585970336258995
"(0.0342, 0.0092, 320, 120, 0.66)",1.1498134126151158,1.2275514007403086,0.0482215959165498,85.727281629422,576.0,1,,-41.76204899801243
"(0.0396, 0.0127, 200, 120, 0.66)",1.0561486214760931,1.1417101991732697,0.0482824135225742,85.83540181790985,343.0,1,,-41.90983470100141
"(0.039, 0.0112, 160, 120, 0.33)",0.985719639978685,1.3509087453281736,0.0483757616308677,86.0013540104316,539.0,1,,-42.06333312686798
"(0.0299, 0.0099, 160, 120, 0.66)",1.0951090705651574,1.0864876507217802,0.0485191538471718,86.2562735060831,2178.0,1,,-42.08154683632357
"(0.0353, 0.0285, 200, 180, 0.66)",0.90388517664214,1.7578824846154462,0.0488794145405646,86.89673696100364,832.0,1,,-42.59336271840024
"(0.0333, 0.0126, 160, 240, 1.0)",1.074265877930848,1.1836967532363116,0.0494006051206295,87.82329799223024,2243.0,1,,-42.8867837233049
"(0.0349, 0.0109, 320, 120, 0.5)",1.0954589754376531,1.1813410343806838,0.0496050045951325,88.18667483579131,1872.0,1,,-43.04748344705313
"(0.0405, 0.0061, 200, 60, 0.5)",0.9852135008477186,2.19111020482212,0.0495728250363612,88.12946673130901,4192.0,1,,-43.12909268984315
"(0.043, 0.0167, 120, 60, 0.66)",1.0897256907818689,1.7920295712876044,0.0497943606326234,88.5233077913308,1325.0,1,,-43.22172256551615
"(0.0325, 0.0075, 320, 60, 1.0)",0.981368723761194,2.6309735799969625,0.0502939482397328,89.41146353730294,929.0,1,,-43.77465699313001
"(0.049, 0.0231, 120, 120, 0.5)",0.94287962015324,0.7694501289510731,0.0503971203679092,89.59488065406093,2271.0,1,,-43.904957827245134
"(0.0308, 0.0206, 240, 60, 0.66)",0.9665384239949092,1.2313023491538957,0.050558434701198,89.88166169101858,341.0,1,,-44.02485085621558
"(0.0345, 0.0098, 120, 120, 0.33)",0.9727101476929944,0.9540092048648756,0.0511819178432084,90.9900761657036,903.0,1,,-44.573509853002015
"(0.0382, 0.0109, 240, 240, 0.66)",0.904400380050124,2.3485801766008594,0.051119240294608,90.87864941263652,3899.0,1,,-44.58604356656274
"(0.0399, 0.0163, 240, 240, 0.66)",1.1343933648439957,0.980573785352739,0.0517366668048468,91.97629654194976,586.0,1,,-44.90549157293573
"(0.0296, 0.0141, 160, 60, 0.5)",0.96021038502909,1.1224194126089375,0.0519507628166951,92.35691167412486,1956.0,1,,-45.27019621485003
"(0.0495, 0.0079, 120, 180, 0.66)",0.9561618511763018,1.7469985636124794,0.0521208809802613,92.6593439649092,1929.0,1,,-45.425631012258556
"(0.0321, 0.021, 160, 60, 0.5)",0.9460879584063908,1.2407129960487426,0.0526501868058468,93.60033209928316,1328.0,1,,-45.90672827804104
"(0.0462, 0.0267, 160, 60, 1.0)",0.9975479040969704,1.254786955570299,0.0528306374177481,93.9211331871078,2059.0,1,,-46.01584932687468
"(0.0471, 0.0213, 240, 240, 0.5)",1.1259441683433786,1.2145709309866142,0.0530853854203171,94.37401852500872,485.0,1,,-46.1141504795813
"(0.0312, 0.006, 240, 60, 0.33)",0.8917862755022748,1.1209884561472476,0.0534068785268076,94.94556182543552,3666.0,1,,-46.63440151574229
"(0.0262, 0.0089, 160, 120, 1.0)",0.8993346306342356,1.15960691374711,0.0536169400603704,95.3190045517697,2498.0,1,,-46.813784585310984
"(0.0428, 0.0088, 320, 60, 0.5)",1.1523693481433963,1.240611346246484,0.0540710903236,96.12638279751148,6298.0,1,,-46.96489314093594
"(0.0371, 0.0055, 320, 60, 1.0)",1.2256886778998692,1.2380083260358352,0.0542928982483639,96.52070799709116,1365.0,1,,-47.08895821889408
"(0.0304, 0.0165, 200, 120, 0.33)",0.9175359637359236,1.311785863671645,0.0542956897521356,96.52567067046282,632.0,1,,-47.39959506124762
"(0.0286, 0.017, 240, 120, 0.5)",1.1059315455698184,1.120328384737688,0.0546696897411656,97.1905595398502,894.0,1,,-47.54401791409644
"(0.0353, 0.0208, 320, 240, 1.0)",0.9751369048326092,1.323372442263746,0.0567158577697124,100.82819159060006,1252.0,1,,-49.49567474823713
"(0.0424, 0.017, 200, 120, 0.5)",1.113094630534612,1.4630859069122222,0.0573103133944814,101.88500159018864,436.0,1,,-49.88671647795419
"(0.0337, 0.0104, 320, 240, 1.0)",1.0020243718944777,2.6147808342141925,0.0576440448461595,102.47830194872826,4357.0,1,,-50.29477064731581
"(0.034, 0.0277, 200, 180, 0.33)",0.8828156236343315,1.83567107147514,0.0575596979581701,102.32835192563572,1138.0,1,,-50.3389200371417
"(0.034, 0.0105, 320, 180, 0.33)",0.8559008278933147,1.092595760268599,0.0577000480115875,102.57786313171144,2080.0,1,,-50.490730785973994
"(0.0242, 0.0121, 200, 240, 0.33)",1.0550668025603502,1.302195817744123,0.058060913572492,103.21940190665288,826.0,1,,-50.61269506433858
"(0.045, 0.0248, 200, 180, 0.66)",1.015314889450108,1.5686887850833748,0.059036592446508,104.9539421271259,450.0,1,,-51.52069276655935
"(0.0238, 0.0188, 120, 180, 0.5)",1.0089386580874662,1.1776818453024516,0.0595228713361394,105.8184379309147,832.0,1,,-51.959803178706025
"(0.0474, 0.0281, 120, 120, 0.33)",0.9875638532571394,1.6737882728109603,0.0596231897961406,105.99678185980534,574.0,1,,-52.07045026644167
"(0.0408, 0.0225, 320, 180, 0.33)",0.9999667207149668,2.3585588713296066,0.0600146800708696,106.6927645704356,2935.0,1,,-52.406430244573706
"(0.0269, 0.0137, 160, 120, 0.66)",1.0600750912515713,2.488056133311845,0.0602061190291763,107.0331004963135,2004.0,1,,-52.51668127593435
"(0.0487, 0.0059, 120, 180, 0.66)",0.9527226702030552,0.8070156484089095,0.0601779798301791,106.98307525365205,2576.0,1,,-52.59899293645315
"(0.0472, 0.0275, 320, 240, 1.0)",1.0043585546554188,1.1113871933238852,0.0609816927542261,108.41189822973496,1806.0,1,,-53.26257225296629
"(0.0419, 0.0091, 200, 60, 0.33)",1.032878590765928,1.0392030077475476,0.0611849107837621,108.77317472668832,3893.0,1,,-53.414893683361996
"(0.0327, 0.0159, 160, 180, 0.33)",1.0351732928482316,2.3001838529671677,0.061553197573928,109.42790679809428,2647.0,1,,-53.740333303772836
"(0.0474, 0.0261, 200, 120, 0.5)",0.8781260039279125,1.2036456912445066,0.061708477676642,109.70396031403016,2324.0,1,,-54.035562630763806
"(0.0339, 0.0272, 200, 60, 0.5)",0.9409709891647708,1.8891944731567696,0.0618183208939172,109.8992371447421,379.0,1,,-54.070465904100196
"(0.0497, 0.0231, 320, 120, 0.33)",1.1156252136920617,1.3592645573796804,0.0623082404005625,110.77020515655607,4003.0,1,,-54.331785604986536
"(0.0251, 0.0114, 240, 240, 0.5)",1.0069734396135426,1.233920454061517,0.0625026382727795,111.11580137383028,3366.0,1,,-54.61342988557438
"(0.0275, 0.0153, 240, 120, 0.33)",1.0499845878703813,1.0784663182232284,0.0625651891180676,111.22700287656454,942.0,1,,-54.626082039529955
"(0.0346, 0.0298, 200, 240, 0.66)",0.9600428033121088,1.18943014090409,0.0632261615226561,112.40206492916651,1630.0,1,,-55.30421582279381
"(0.0237, 0.0072, 120, 60, 0.66)",1.048929824788012,0.9910051608042204,0.0638937863480796,113.58895350769744,1490.0,1,,-55.80944071540879
"(0.035, 0.0228, 320, 120, 0.5)",0.8881401950957193,1.23673180256452,0.0639524049953185,113.6931644361219,3059.0,1,,-56.02239442796055
"(0.0292, 0.0295, 160, 240, 0.33)",1.0181071493165523,1.911848299010366,0.0643958020838107,114.4814259267746,696.0,1,,-56.28700161615456
"(0.0211, 0.0104, 320, 240, 0.5)",1.0113274871058706,1.2634905445308349,0.0644148266247383,114.51524733286789,1974.0,1,,-56.31071100595281
"(0.0404, 0.0135, 120, 180, 0.33)",1.125969230070882,1.519046876146118,0.0645560471070563,114.7663059680994,3330.0,1,,-56.321739801085876
"(0.0366, 0.0099, 200, 240, 0.33)",1.2169646007310722,1.192948369259777,0.065063139206107,115.66780303307902,1292.0,1,,-56.68200005501455
"(0.027, 0.0137, 120, 60, 0.66)",0.9409060613631468,1.0411133958332446,0.0654067771266492,116.27871489182075,1842.0,1,,-57.26385816167388
"(0.048, 0.005, 160, 240, 0.33)",1.1122370186752748,2.6000839135693283,0.0658008125083518,116.97922223707,2658.0,1,,-57.44317491236808
"(0.0445, 0.014, 240, 120, 0.5)",1.3854961260097804,3.7519300753634575,0.0668507714579107,118.8458159251756,684.0,1,,-58.10426260803593
"(0.0281, 0.0265, 240, 240, 1.0)",0.9591883685473654,1.5219989173994866,0.0665477522251853,118.30711506699596,1085.0,1,,-58.2609169171758
"(0.0343, 0.0122, 120, 120, 0.66)",1.0880075900110386,0.9189610767520736,0.0672228470059045,119.50728356605332,977.0,1,,-58.73285704002152
"(0.0295, 0.0083, 200, 120, 1.0)",1.082819804257931,2.224941988553117,0.0672437041730066,119.54436297423428,3341.0,1,,-58.75660538703222
"(0.0439, 0.0186, 240, 180, 0.5)",1.1562967486884734,1.1013397077002405,0.0674995643941055,119.99922558952107,1132.0,1,,-58.910815610466166
"(0.0291, 0.0058, 320, 60, 1.0)",1.1711142875819642,1.4167183698398929,0.0676522299009794,120.2706309350744,1602.0,1,,-59.03185340985621
"(0.0403, 0.0197, 240, 120, 1.0)",1.2545967191249932,1.2004968977977837,0.0686658621275129,122.072643782245,580.0,1,,-59.85039103412502
"(0.0259, 0.0198, 120, 120, 0.5)",0.995628689704122,0.9447999315518968,0.0690076263088085,122.68022454899244,1316.0,1,,-60.413491211100904
"(0.0489, 0.0067, 120, 60, 0.33)",1.1197312872973624,2.1888596925326063,0.0696214051505298,123.77138693427524,2853.0,1,,-60.835583584990786
"(0.0499, 0.0275, 200, 60, 0.5)",0.9380053000278636,3.3056515681738845,0.0694801592060501,123.52028303297806,3677.0,1,,-60.89161637566721
"(0.035, 0.0064, 160, 60, 0.66)",0.97884269014289,1.0895161810948808,0.0700827832344818,124.59161463907868,1387.0,1,,-61.387047412630935
"(0.0416, 0.0233, 160, 120, 0.66)",1.0723163403071534,2.635143844426357,0.0708394439200289,125.9367891911629,1641.0,1,,-61.966917699194326
"(0.0453, 0.0268, 240, 180, 0.5)",1.0164077095181996,1.0412092975152134,0.0708061336575711,125.8775709467936,4100.0,1,,-61.99318389753617
"(0.0229, 0.0188, 160, 120, 0.5)",0.931552260749424,1.227997203220235,0.0716495595522469,127.37699475954987,379.0,1,,-62.82859467857776
"(0.0243, 0.0051, 160, 180, 0.33)",1.0538828160073104,1.196345368860491,0.0725905615870294,129.0498872658297,1316.0,1,,-63.54365137849457
"(0.0297, 0.0058, 200, 180, 0.5)",1.2178540570937078,1.191105393892836,0.0729419762098012,129.67462437297965,1369.0,1,,-63.69240010560592
"(0.0438, 0.0142, 160, 60, 0.5)",1.19669668655784,2.4760719540739595,0.0731186489036614,129.9887091620649,1505.0,1,,-63.87077654337828
"(0.0307, 0.0184, 160, 180, 0.33)",1.050223377877838,1.1006839036605938,0.0732422427075766,130.2084314801368,1887.0,1,,-64.12723460489813
"(0.0252, 0.0168, 160, 120, 0.33)",1.0710341628624125,2.3631940592041705,0.0740774047262822,131.69316395783582,1466.0,1,,-64.84962522078177
"(0.0469, 0.029, 320, 120, 1.0)",1.072110064278558,1.1964548305721436,0.0741684776928235,131.85507145390886,3285.0,1,,-64.92959414036869
"(0.0255, 0.013, 200, 240, 0.33)",1.0038643628800263,1.4536827487648925,0.0742063839246666,131.92246031051775,1882.0,1,,-65.03157217630351
"(0.0306, 0.0169, 200, 240, 0.5)",1.105279698821077,1.1559284483114975,0.0744400201518983,132.33781360337443,431.0,1,,-65.13806712301803
"(0.0247, 0.0175, 120, 120, 1.0)",1.0991992231611474,2.3608959387162862,0.0744368827956493,132.33223608115435,843.0,1,,-65.14135570021168
"(0.0387, 0.0125, 240, 180, 0.5)",1.2515340814464615,0.989670686225008,0.074826526371869,133.02493577221068,1283.0,1,,-65.33576033103076
"(0.0463, 0.0066, 160, 180, 0.66)",1.145167839506679,2.759511100985189,0.0749537215055051,133.25106045423118,1759.0,1,,-65.55531610911441
"(0.0306, 0.0283, 240, 240, 1.0)",0.8378860773515349,1.0575164486667796,0.0746150313586445,132.64894463759052,1159.0,1,,-65.56120127280236
"(0.0481, 0.0113, 160, 180, 1.0)",1.0876471747745105,1.34127802861013,0.0749308766940777,133.21044745613818,3910.0,1,,-65.59250742998866
"(0.0331, 0.0147, 120, 180, 1.0)",1.0845833424381577,0.9181959229691276,0.0758170630876455,134.78588993359165,1094.0,1,,-66.38417868744531
"(0.023, 0.0111, 120, 180, 0.66)",0.9431412847919836,0.9840994996571232,0.0763022947608542,135.64852401929696,1563.0,1,,-66.95742301961735
"(0.0285, 0.0239, 200, 120, 0.33)",0.995188993761374,2.0309401404749026,0.0769952549096455,136.88045317270263,1740.0,1,,-67.52203284749959
"(0.0298, 0.0276, 320, 120, 0.33)",0.8522496827582745,1.2243097090144408,0.0776134118788123,137.97939889566666,1214.0,1,,-68.21506317695386
"(0.0372, 0.0243, 160, 180, 1.0)",1.1085727716210765,1.401316437912628,0.0779239103904893,138.5313962497585,921.0,1,,-68.23504926364866
"(0.0382, 0.0292, 320, 60, 1.0)",0.766738197345726,1.1117312318085646,0.0776685124602599,138.0773554849064,1571.0,1,,-68.34960805756774
"(0.0386, 0.0261, 160, 180, 0.66)",1.0489242470582345,1.5127952892269,0.0781894631109337,139.003489974993,607.0,1,,-68.53101020354919
"(0.0237, 0.0089, 320, 60, 0.66)",0.9902665363085535,1.1847817021183444,0.0783525377953383,139.29340052504605,5784.0,1,,-68.73478626400981
"(0.0261, 0.0129, 240, 60, 0.5)",1.074990038298359,1.1415631626789298,0.0786307412596756,139.7879844616455,1453.0,1,,-68.89763293378407
"(0.0272, 0.0053, 320, 180, 0.5)",1.411747934488966,4.665437919093691,0.0792611990997327,140.90879839952413,1089.0,1,,-69.12191246437283
"(0.0272, 0.0078, 320, 180, 1.0)",1.1631544758866166,1.2538901053643223,0.0792309489855998,140.85502041884357,1486.0,1,,-69.34358668252077
"(0.0409, 0.016, 240, 120, 1.0)",1.372515018018572,3.258325231954446,0.0800290771636357,142.27391495757468,2091.0,1,,-69.8444715379324
"(0.0279, 0.0154, 120, 180, 0.5)",0.893007007745784,0.8131251386728,0.0798527153047724,141.96038276404042,1043.0,1,,-70.1670370895792
"(0.0333, 0.0229, 240, 180, 1.0)",1.160148915335278,1.0918807559574022,0.0803287431427857,142.8066544760638,692.0,1,,-70.32350706583941
"(0.0395, 0.0167, 120, 180, 0.33)",1.0660719807943186,1.8307964307613336,0.0802634207537602,142.69052578446306,3321.0,1,,-70.35945433219098
"(0.0459, 0.0179, 320, 240, 0.33)",1.1745587972767002,1.3739313718917106,0.0807338509575765,143.52684614680362,4262.0,1,,-70.6695981270827
"(0.0276, 0.0063, 320, 180, 0.66)",1.1753262969377074,1.1687210038024758,0.0809488134154556,143.90900162747587,2670.0,1,,-70.86012333021569
"(0.0319, 0.0171, 120, 120, 0.5)",1.0331417450705775,1.7993758246236784,0.0810335086507348,144.05957093463945,1525.0,1,,-71.07767723089988
"(0.047, 0.0109, 320, 240, 0.66)",1.2162361142408016,3.9998178076037982,0.0819110347348486,145.61961730639786,5755.0,1,,-71.67548357369297
"(0.0242, 0.0065, 160, 180, 0.33)",0.935495745868188,1.0257754396730765,0.081843850903113,145.50017938331314,1763.0,1,,-71.8964377966915
"(0.0383, 0.0295, 240, 240, 1.0)",0.8030312272336954,1.903349689725044,0.0817102898818108,145.26273756766378,2192.0,1,,-71.91004784648
"(0.0343, 0.0127, 240, 240, 1.0)",1.4752664254778085,3.687116247657979,0.0826468589583688,146.92774925932352,636.0,1,,-72.07125506314232
"(0.0291, 0.0185, 160, 60, 1.0)",1.0458961524641222,2.4838221967715635,0.0823648759122328,146.42644606619152,1686.0,1,,-72.24969175654387
"(0.025, 0.007, 200, 60, 1.0)",1.1054996333199196,1.0508280969634585,0.0826015476313294,146.8471957890299,1435.0,1,,-72.40069980882636
"(0.0381, 0.0194, 160, 180, 1.0)",0.9834539197169464,1.2174444172540642,0.0827076508497936,147.03582373296646,3135.0,1,,-72.61716559761608
"(0.0423, 0.0253, 240, 120, 0.66)",0.9416971827215744,0.9023276309059728,0.0829206341073857,147.41446063535255,1818.0,1,,-72.84845376906209
"(0.0403, 0.0249, 160, 120, 0.33)",1.0381865150190477,2.6094136097301415,0.0830640328286577,147.6693916953915,3258.0,1,,-72.87957336550537
"(0.0358, 0.0218, 160, 180, 1.0)",1.048528015488745,1.4273833354291812,0.0839369820142903,149.22130135873772,1168.0,1,,-73.64605964589441
"(0.043, 0.0233, 240, 120, 0.66)",1.195718039697709,2.9573336676165605,0.0843334100525386,149.92606231562388,1654.0,1,,-73.85164652816677
"(0.0481, 0.0095, 200, 120, 1.0)",1.1501371760973231,1.4218648409878736,0.0850565853069773,151.21170721240372,3547.0,1,,-74.54077301541152
"(0.0427, 0.02, 320, 120, 0.33)",1.309328890320177,1.392748175545079,0.086454907995033,153.69761421339362,2652.0,1,,-75.62593312437167
"(0.0279, 0.0281, 240, 240, 0.33)",0.9663515901189712,1.2003649482955,0.0861125143006195,153.08891431221343,861.0,1,,-75.66421808028836
"(0.0255, 0.0166, 320, 240, 0.66)",0.9016052231837808,1.1472960632564315,0.0865213884806751,153.81580174342142,3303.0,1,,-76.0928170370076
"(0.0297, 0.0079, 160, 60, 0.33)",0.9092730095218552,0.9855147007212904,0.0867865003160057,154.28711167289993,4249.0,1,,-76.32106932724412
"(0.0288, 0.0056, 160, 240, 0.66)",1.1301386606778043,2.4566630057707024,0.0880517126173748,156.53637798644593,755.0,1,,-77.22610204516253
"(0.0202, 0.0113, 160, 240, 0.66)",0.8977934375961129,1.448870352771378,0.0882514225325834,156.89141783570412,980.0,1,,-77.63616690278853
"(0.042, 0.0053, 320, 120, 0.66)",1.2861904511820426,1.4560199092872124,0.0898022482769858,159.6484413813077,7106.0,1,,-78.62783248774879
"(0.0344, 0.0124, 160, 120, 0.33)",0.9421030966283952,1.150995278254183,0.0894259688822642,158.9795002351363,4866.0,1,,-78.63707298982202
"(0.0322, 0.0156, 320, 120, 1.0)",0.9415072485358102,2.522924555217495,0.0896431020159618,159.36551469504275,4362.0,1,,-78.83089320100153
"(0.0318, 0.0225, 160, 240, 1.0)",0.9920074979066946,1.1104791412807922,0.0898710149769399,159.77069329233726,531.0,1,,-78.98321016323888
"(0.0309, 0.0218, 320, 60, 1.0)",0.9393289424470516,2.4733762804216717,0.0899244010515436,159.865601869411,2966.0,1,,-79.08339639330998
"(0.0354, 0.0186, 240, 180, 0.5)",1.3724234646824132,3.0326375898162516,0.0910809116090243,161.92162063826544,1015.0,1,,-79.67946776605933
"(0.0255, 0.0291, 200, 240, 0.5)",0.9924871679719396,1.0077159891837946,0.0911603763173564,162.0628912308553,803.0,1,,-80.13011882377307
"(0.0294, 0.0166, 320, 180, 0.33)",1.1298584648575187,1.4605911386981156,0.092105228300494,163.74262808976644,650.0,1,,-80.8335608083262
"(0.0388, 0.0233, 160, 240, 0.5)",1.100189420741574,1.4844157714777488,0.092335011591339,164.15113171793666,1461.0,1,,-81.06771144981809
"(0.0385, 0.0155, 160, 120, 1.0)",1.0782780817968856,1.430026902195813,0.0923804469974535,164.2319057732492,2411.0,1,,-81.13005525182517
"(0.0405, 0.0275, 200, 240, 0.33)",1.015734733073427,1.2592118399277643,0.0928037604768185,164.98446306989996,1489.0,1,,-81.56930056235338
"(0.0251, 0.0125, 240, 180, 0.5)",1.2150157239173969,2.400745193355305,0.0933253811333165,165.911788681452,1592.0,1,,-81.83420399794193
"(0.0151, 0.0086, 120, 240, 0.66)",0.853683928933195,1.313441715511602,0.0929556771663359,165.25453718459735,472.0,1,,-81.86654034053181
"(0.0257, 0.0219, 320, 120, 0.66)",0.8047218754481281,1.147043911502794,0.0932543457383664,165.78550353487384,3164.0,1,,-82.18128423772716
"(0.0221, 0.027, 160, 240, 0.33)",0.999880599496208,1.095531989126422,0.0935193499451581,166.25662212472565,658.0,1,,-82.22194981281177
"(0.0299, 0.0151, 320, 120, 0.66)",1.218669823649287,3.483169758170395,0.0938374612426556,166.82215332027627,1486.0,1,,-82.2862442977315
"(0.03, 0.0106, 240, 60, 0.66)",1.2385966136162878,1.056448355434506,0.0939052302440212,166.94263154492634,3810.0,1,,-82.32662438909091
"(0.0243, 0.0054, 240, 240, 0.33)",1.381220968359381,5.11359755410972,0.0941802745181366,167.43159914335365,1044.0,1,,-82.42875887783558
"(0.0411, 0.0265, 200, 180, 0.33)",0.8935256107824732,1.0528751481565837,0.0942746346878106,167.59935055610842,4036.0,1,,-83.00042430195954
"(0.0407, 0.0057, 200, 180, 1.0)",1.137142873267652,0.8151420428381113,0.0947904071330581,168.51627934765912,4094.0,1,,-83.21578720769497
"(0.0384, 0.0281, 240, 180, 1.0)",1.196346842897823,0.994085426233632,0.0949193987002206,168.74559768928168,1067.0,1,,-83.27137140044324
"(0.0401, 0.0102, 160, 120, 0.66)",1.1053511415897936,1.34545410756351,0.0951702057775129,169.19147693780084,4313.0,1,,-83.58555753308814
"(0.0267, 0.0157, 200, 60, 0.33)",1.0077625336947802,1.2744428820159932,0.0952597806950248,169.35072123559843,2278.0,1,,-83.76285786479946
"(0.031, 0.0169, 120, 120, 0.5)",1.0018398489154652,0.9095676951087356,0.096130226782993,170.89818094754375,1029.0,1,,-84.5433808516394
"(0.0205, 0.0064, 320, 240, 0.5)",1.2493390492337846,1.368332785637976,0.0964125379849207,171.4000675287504,765.0,1,,-84.54710725312634
"(0.0339, 0.013, 200, 120, 0.5)",1.2364672609648977,2.897477038455305,0.0967238579398791,171.95352522645302,729.0,1,,-84.83701921020149
"(0.0309, 0.0131, 160, 240, 0.33)",1.0856979845376258,2.325696022530406,0.0967541400353319,172.00736006281218,757.0,1,,-85.0147361869038
"(0.0198, 0.0097, 240, 180, 0.33)",1.0806797464623443,1.0958210553098602,0.0967530402347228,172.00540486172818,2361.0,1,,-85.01877572463647
"(0.024, 0.0188, 200, 120, 0.66)",0.9075509077993272,1.3379382204971126,0.0965897161398307,171.71505091525518,584.0,1,,-85.04656426596809
"(0.0195, 0.0099, 240, 120, 0.5)",0.9380839566924014,1.151719326538639,0.0967126406980891,171.93358346326983,974.0,1,,-85.1254204156406
"(0.0315, 0.0071, 200, 180, 1.0)",1.0754745100150336,1.1047978986510625,0.0969470444936832,172.35030132210363,4774.0,1,,-85.19662319553046
"(0.0385, 0.0176, 160, 120, 1.0)",1.0232351900472885,1.348008424050414,0.0972177053877255,172.83147624484425,2875.0,1,,-85.48972063776256
"(0.0241, 0.0199, 160, 240, 0.5)",1.029617691717999,2.3499133820286215,0.097370928101546,173.1038721805265,2575.0,1,,-85.6196893266468
"(0.0245, 0.0259, 240, 240, 0.5)",0.8753311334977869,1.061635479888769,0.0973938952984776,173.14470275284918,524.0,1,,-85.79441413822528
"(0.0305, 0.029, 160, 120, 0.5)",0.9570481129214284,0.8662618075165439,0.0979342333353259,174.10530370724646,1443.0,1,,-86.19353797403713
"(0.0349, 0.0282, 120, 180, 0.5)",0.9268291073415338,1.824601001363237,0.0979302020088271,174.09813690458222,665.0,1,,-86.2201695469584
"(0.0395, 0.0215, 160, 240, 0.66)",1.05565844922655,1.2504872424190652,0.098287111479088,174.73264262948967,4560.0,1,,-86.40894997699738
"(0.0301, 0.0105, 200, 180, 1.0)",1.0143846835570935,1.6703799672257458,0.0984216931108487,174.97189886373144,3640.0,1,,-86.56998644141947
"(0.0265, 0.0251, 120, 60, 0.66)",1.0339796458532442,1.8520722005163524,0.0985112798470744,175.13116417257686,764.0,1,,-86.63011372028225
"(0.0285, 0.0233, 240, 240, 0.33)",1.1185658194933286,0.9484149875295892,0.0988012405874065,175.64664993316632,1298.0,1,,-86.80356038767724
"(0.0462, 0.0178, 200, 120, 0.5)",1.0891166028427492,3.616569215896377,0.0988322036199733,175.70169532439766,3138.0,1,,-86.86056326297606
"(0.0391, 0.0278, 240, 60, 0.5)",1.0742816994185276,1.1189757039211234,0.0992991301416654,176.53178691851627,3915.0,1,,-87.29091088998128
"(0.0286, 0.009, 120, 60, 0.66)",0.8349626076079746,0.8247428360977973,0.0990636199539422,176.11310214034157,4982.0,1,,-87.32065208251674
"(0.0216, 0.0182, 200, 240, 0.33)",0.9131365293853064,1.3590371034985895,0.0994778917910046,176.8495854062308,3060.0,1,,-87.6111340655211
"(0.0199, 0.0088, 200, 180, 0.5)",0.8573018933499654,1.293088229581141,0.0997883787275696,177.401562182345,4498.0,1,,-87.9432675765501
"(0.0395, 0.0241, 240, 60, 0.66)",1.273151833864023,3.041422233027543,0.1010208327889622,179.59259162482252,1056.0,1,,-88.6241648113362
"(0.0267, 0.0169, 240, 180, 1.0)",1.236355833149091,1.323439535747338,0.1023685872495878,181.98859955482283,2593.0,1,,-89.86031253151191
"(0.0197, 0.0115, 320, 240, 0.5)",0.9946713660676644,1.2176560753358086,0.1026614151237902,182.50918244229393,5885.0,1,,-90.3625812702031
"(0.0339, 0.0285, 120, 120, 0.66)",0.9513139990624064,0.9280199024168267,0.1032205140917948,183.50313616319008,2134.0,1,,-90.90347459662442
"(0.0277, 0.0234, 240, 120, 0.66)",0.8824978228453189,1.1265931126222175,0.1040274898916992,184.9377598074644,1757.0,1,,-91.69040957077858
"(0.033, 0.0267, 200, 240, 1.0)",1.0938208526819175,2.6904779443612945,0.1043776537941252,185.56027341177847,1053.0,1,,-91.79069350700144
"(0.0422, 0.0253, 320, 180, 0.5)",1.0935769813445304,1.4424718554869669,0.1044582522702408,185.7035595915393,4477.0,1,,-91.86266106669535
"(0.0407, 0.0289, 160, 240, 0.33)",1.084316651314159,1.5423773552195823,0.1045544857652317,185.87464136041177,1499.0,1,,-91.95755851465695
"(0.046, 0.0168, 320, 240, 0.66)",1.1752246523563434,3.3092052596918253,0.1048970118576703,186.48357663585733,6171.0,1,,-92.17146067742999
"(0.0447, 0.0229, 240, 60, 0.5)",1.325462890187738,3.2060419669120086,0.1067829104310746,189.83628521080055,1778.0,1,,-93.69946262564362
"(0.0434, 0.0261, 200, 240, 0.33)",0.979891614314238,1.2744733463180198,0.1072171581888096,190.6082812245487,3240.0,1,,-94.43146615614893
"(0.0194, 0.0108, 120, 240, 0.66)",0.8805776372201641,1.3185093334956128,0.1072278313991264,190.62725582066955,1895.0,1,,-94.54027810451373
"(0.029, 0.0206, 200, 60, 1.0)",1.002071246988766,1.160817150486302,0.1084199496510222,192.7465771573732,3291.0,1,,-95.47963728134886
"(0.0397, 0.0247, 240, 60, 0.33)",1.0718060196420802,0.950046948361745,0.1089326910041312,193.65811734067736,2562.0,1,,-95.86618534170073
"(0.0189, 0.0064, 160, 60, 1.0)",1.0089268374323186,1.0083058186335665,0.1091451145833678,194.0357592593219,1363.0,1,,-96.118097906812
"(0.0221, 0.0149, 200, 180, 0.33)",0.9440610063440296,1.3714646261231973,0.1090788599626543,193.91797326694044,2130.0,1,,-96.12400448708884
"(0.0424, 0.0222, 320, 60, 0.5)",1.1994192802820025,1.2279001201386175,0.1094799719379611,194.6310612230411,3815.0,1,,-96.2255913031765
"(0.0442, 0.0142, 240, 60, 0.33)",1.3988580320022446,3.382491762583668,0.1107012573165838,196.8022352294828,6741.0,1,,-97.11296084005573
"(0.0248, 0.0078, 200, 180, 1.0)",1.2245075795041749,2.8725393031669277,0.1107181496217708,196.8322659942607,1805.0,1,,-97.30234356724795
"(0.0369, 0.0288, 200, 120, 0.5)",1.0498476854104928,2.889677777968826,0.1113786664133356,198.00651806815236,791.0,1,,-98.06479001507903
"(0.0263, 0.0214, 240, 120, 0.5)",1.021578021359981,1.1208235068545054,0.1113905311308736,198.0276108993305,2796.0,1,,-98.10361795943615
"(0.0179, 0.0074, 240, 60, 0.66)",0.9349712072672864,1.0293136417473308,0.1117480647804593,198.663226276371,4005.0,1,,-98.50838999569868
"(0.0266, 0.0262, 160, 60, 0.66)",0.9018907402627804,1.0131451233614317,0.1123182482459879,199.67688577064493,657.0,1,,-99.04887039330568
"(0.029, 0.0101, 160, 240, 0.33)",1.0423304958630442,0.993072759923632,0.1125414222232211,200.0736395079485,3659.0,1,,-99.10703068033443
"(0.0259, 0.006, 320, 240, 0.5)",1.1918452941471342,1.2054136425593232,0.1130156829535285,200.91676969516175,7208.0,1,,-99.37955523638726
"(0.0339, 0.0052, 200, 60, 0.66)",1.2792844401502357,0.8309605347465051,0.114176406656664,202.9802785007364,2860.0,1,,-100.32503121687463
"(0.0265, 0.012, 160, 60, 0.66)",1.1089583944196617,2.033546881573915,0.1141915016107411,203.00711397464931,709.0,1,,-100.50879009451573
"(0.0232, 0.0234, 240, 120, 0.33)",0.842298465555375,1.1718364108427042,0.1144607373756176,203.4857553344318,1108.0,1,,-101.01503993903614
"(0.0272, 0.0293, 160, 180, 0.33)",0.9111652118469146,1.9433467746388624,0.1146028276728054,203.73836030720992,2279.0,1,,-101.07261776943085
"(0.0242, 0.0185, 320, 240, 0.33)",1.110734794631153,1.3704730314029006,0.1158269634679582,205.91460172081457,2171.0,1,,-101.9623930292441
"(0.0379, 0.019, 160, 60, 0.66)",1.0277353634772324,1.1803965340027518,0.1157824354078356,205.83544072504037,4188.0,1,,-102.00576743445079
"(0.0225, 0.0068, 320, 240, 0.33)",1.0872819058222758,1.2995458768812007,0.1163731337501331,206.8855711113484,8218.0,1,,-102.47187678360207
"(0.0251, 0.0294, 120, 180, 0.5)",0.9770593789521136,1.5911832392610883,0.1165394586818677,207.18125987887615,1632.0,1,,-102.73011001916782
"(0.0215, 0.0083, 240, 120, 0.5)",1.0598466520018213,2.468759014269416,0.1169643885253144,207.93669071166903,6003.0,1,,-103.02546309235801
"(0.0326, 0.0224, 240, 60, 1.0)",1.1514649391703635,1.1245813637741249,0.1187436738830784,211.09986468102892,4423.0,1,,-104.51721107522718
"(0.0181, 0.0124, 240, 240, 0.5)",1.1480169924397496,0.8898108890641767,0.1199746385636343,213.2882463353522,1572.0,1,,-105.61608081379998
"(0.0249, 0.0198, 320, 240, 0.66)",0.9285480867983628,0.9335038950901632,0.1198076013018752,212.99129120333404,2444.0,1,,-105.68690511617054
"(0.0157, 0.0084, 120, 240, 0.66)",0.8523730859360856,1.3105179050707685,0.1200815028525518,213.47822729342596,1032.0,1,,-106.00682206362944
"(0.0177, 0.0218, 160, 180, 0.33)",0.807386253094511,1.3328041894424376,0.1206180953700886,214.43216954682487,547.0,1,,-106.52931661568802
"(0.042, 0.018, 160, 240, 0.33)",1.2363596774056425,2.535827389275662,0.1234939299334429,219.54476432612023,3400.0,1,,-108.65951641558792
"(0.0339, 0.0122, 120, 60, 0.5)",1.132008361080545,1.8472660527809648,0.1235950587702123,219.72454892482293,4574.0,1,,-108.85386116010113
"(0.0245, 0.0076, 120, 60, 0.5)",1.0130484286257944,1.9487272568720624,0.1234927296988921,219.54263057580752,4544.0,1,,-108.88175958897686
"(0.0282, 0.0221, 320, 180, 0.5)",1.0280242465865326,2.563682540844035,0.1235704812188762,219.68085550022477,3662.0,1,,-108.93597398474472
"(0.0231, 0.0207, 320, 240, 0.66)",1.0183052043598546,1.228553905312932,0.1243103158443122,220.99611705655724,1828.0,1,,-109.60406363976308
"(0.0232, 0.0193, 120, 60, 0.33)",1.0378471242082696,2.7644517494415672,0.1268316043280166,225.47840769425255,2904.0,1,,-111.82818832724602
"(0.0337, 0.0206, 160, 120, 0.5)",1.0767088466551296,2.2655086363457193,0.1278237583976933,227.2422371514566,4600.0,1,,-112.67223348747086
"(0.0442, 0.0187, 200, 180, 0.33)",1.2304748250678568,3.5465126079558753,0.1285387631387086,228.5133566910384,3458.0,1,,-113.15474228359005
"(0.0189, 0.0208, 240, 180, 0.5)",0.8312355180435395,1.342596279447411,0.1293436121946065,229.9441994570782,1284.0,1,,-114.27020782269017
"(0.0244, 0.0197, 320, 60, 0.66)",0.8907467180377442,1.054624188240887,0.130259239997815,231.57198221833855,737.0,1,,-115.02550363112934
"(0.0328, 0.0244, 320, 240, 0.33)",1.2154447543908238,3.5796658010434355,0.1315618751428436,233.88777803172056,7662.0,1,,-115.8600061366123
"(0.0165, 0.0093, 240, 240, 1.0)",1.2948263767571344,1.1712678482693044,0.1321975532448914,235.0178724353627,809.0,1,,-116.34630739416912
"(0.0328, 0.0068, 320, 60, 0.33)",1.8500208576606536,4.682865050061907,0.1338959014779049,238.0371581829415,4810.0,1,,-117.302454135288
"(0.0348, 0.0241, 120, 120, 1.0)",0.8832222442319365,0.8741166938694969,0.1328604243068507,236.19630987884503,3569.0,1,,-117.34779311949742
"(0.0248, 0.0294, 120, 180, 0.33)",1.038301587389068,0.7522129471239181,0.1339965760952069,238.21613528036752,2001.0,1,,-118.2037626288899
"(0.0335, 0.0269, 160, 180, 0.66)",0.8670860720923026,1.2354682500290797,0.1345712815161876,239.23783380655615,3822.0,1,,-118.88640211270196
"(0.0203, 0.0246, 200, 180, 1.0)",0.9366682247103846,1.2481189954461058,0.1364253988663925,242.53404242914257,1494.0,1,,-120.46677838872729
"(0.0238, 0.02, 320, 180, 0.33)",0.9926829390592522,0.9623793085365128,0.1364979003382067,242.66293393459023,4405.0,1,,-120.47528192857406
"(0.0274, 0.0243, 240, 120, 1.0)",1.1770430167820884,0.8971314093718399,0.1371301037278928,243.7868510718087,1784.0,1,,-120.85351262285016
"(0.0203, 0.0145, 240, 60, 0.5)",0.9250107710080536,1.0186709551261963,0.1376042446098268,244.62976819524872,3581.0,1,,-121.52747757122613
"(0.0261, 0.0131, 320, 180, 0.33)",1.039534087702074,1.13443392913886,0.1378877168475238,245.13371884004255,4933.0,1,,-121.66521304916672
"(0.0285, 0.0237, 320, 120, 1.0)",1.0407964453160985,3.601311801816618,0.1386174918264156,246.43109658029553,1122.0,1,,-122.31336933665808
"(0.0233, 0.0073, 120, 120, 1.0)",0.8947465023279435,0.9212652005301704,0.1393074842830776,247.65774983658417,2715.0,1,,-123.07343590024722
"(0.0203, 0.0062, 320, 60, 0.66)",1.221062719864568,1.3096653644282683,0.1411077267084446,250.8581808150126,3468.0,1,,-124.34913541435017
"(0.0154, 0.0087, 240, 180, 1.0)",1.1914440366378256,1.2548295410635424,0.1431067667396635,254.412029759404,1895.0,1,,-126.15767760980384
"(0.0181, 0.0295, 120, 240, 0.66)",1.0072155090526602,2.2578701001241153,0.1429796186010215,254.18598862403837,840.0,1,,-126.22875842156755
"(0.0194, 0.0089, 120, 60, 0.33)",1.0230435575569308,1.975151415654795,0.1440406099175799,256.0721954090305,1065.0,1,,-127.15709475687589
"(0.0134, 0.0083, 240, 60, 0.33)",0.9904546656101946,1.15846402748055,0.1442770589810412,256.4925492996285,4911.0,1,,-127.40009704318508
"(0.0146, 0.0077, 200, 240, 0.5)",1.1075589012639004,1.0352896319333116,0.1446073365053602,257.0797093428631,1182.0,1,,-127.57690310667302
"(0.0254, 0.0083, 120, 120, 0.33)",1.1760917455786306,2.2077383073282726,0.146778586632241,260.9397095684295,1904.0,1,,-129.44054162526837
"(0.0355, 0.0164, 240, 60, 0.5)",1.4629716947045697,3.0467517870738408,0.1479985241891814,263.1084874474338,5921.0,1,,-130.2392705532015
"(0.0286, 0.0277, 200, 180, 0.33)",0.8515382920494207,1.0856866511056014,0.1473920967361129,262.03039419753236,4610.0,1,,-130.31105090345287
"(0.0223, 0.0103, 200, 60, 0.33)",1.4168154128716857,3.5372843473076574,0.1483887258644889,263.8021793146465,2123.0,1,,-130.63266297031603
"(0.0136, 0.0052, 320, 120, 0.5)",1.2115335485964545,0.837006330560442,0.1484345119275093,263.8835767600173,5274.0,1,,-130.87868934333972
"(0.0309, 0.0257, 240, 120, 0.5)",1.2722177528898075,2.7953453867895455,0.1486455910802414,264.2588285870949,815.0,1,,-131.0058421317379
"(0.0211, 0.0208, 240, 180, 0.5)",1.039189139334713,0.9208742933888372,0.1488282791639688,264.58360740261253,2594.0,1,,-131.40144284113552
"(0.0371, 0.0172, 240, 240, 0.5)",1.5644955111977512,3.2587727223312117,0.1503728713726881,267.3295491070006,6074.0,1,,-132.25065191367526
"(0.0239, 0.027, 320, 240, 0.66)",0.81762366575893,1.6858090179731928,0.1502167259093158,267.0519571721191,3832.0,1,,-132.85857164620992
"(0.0341, 0.0212, 200, 240, 0.33)",1.1445256387866278,1.1782606270449132,0.1514824874258704,269.3021998682136,4674.0,1,,-133.65805678274606
"(0.0163, 0.0071, 320, 120, 0.66)",1.5316935330419053,3.135470161468671,0.1519385211415811,270.11292647392105,2233.0,1,,-133.6767082250602
"(0.0165, 0.0157, 120, 240, 1.0)",1.0722080003961736,0.8605799828036591,0.1519764825443461,270.18041341217037,1759.0,1,,-134.16997518823337
"(0.0214, 0.026, 320, 120, 1.0)",0.7919184226622074,1.0295443059368488,0.15253408720398,271.171710584854,1610.0,1,,-134.94647095696877
"(0.0141, 0.0116, 200, 240, 0.66)",1.1490545700851198,1.1610782885468576,0.1532152087253142,272.38259328944633,2267.0,1,,-135.19545728336337
"(0.0178, 0.0097, 120, 120, 0.5)",0.8494588049545806,1.1679947249890927,0.1536152947354535,273.09385730747107,3676.0,1,,-135.8510851435164
"(0.0347, 0.0238, 120, 60, 0.5)",0.9200811668028924,0.8730465782621114,0.1545645310157243,274.78138847239865,3464.0,1,,-136.62517760041214
"(0.0221, 0.0124, 120, 120, 1.0)",0.700411719546396,0.9408271923699844,0.1546163529666615,274.87351638517487,5877.0,1,,-136.8909628260077
"(0.0204, 0.0185, 120, 240, 0.5)",0.9829840682080712,0.7700733923368072,0.1554917406866887,276.42976122077937,772.0,1,,-137.3873882828683
"(0.0158, 0.0074, 240, 120, 0.5)",1.5156136880765765,4.660542228126719,0.1577363617191073,280.4201986117451,848.0,1,,-138.85222197951506
"(0.0193, 0.0237, 120, 120, 0.33)",0.7764827367155376,0.9536057191501252,0.157107625430348,279.3024452095088,1555.0,1,,-139.0318474934692
"(0.0136, 0.0169, 160, 180, 0.66)",0.8822310436092279,1.1996812055611694,0.1572725573543244,279.5956575188014,1174.0,1,,-139.07287027314578
"(0.0382, 0.0195, 320, 120, 1.0)",1.3476030499125933,4.086557190183874,0.1584431010261727,281.6766240465296,3862.0,1,,-139.64915207437838
"(0.0176, 0.0136, 320, 60, 0.33)",1.09212299318535,2.5508086222329247,0.1588478656167962,282.3962055409744,6739.0,1,,-140.26482764291865
"(0.0244, 0.0114, 240, 120, 0.66)",1.585214385202047,4.976183035151725,0.1603255092094195,285.02312748341325,2316.0,1,,-141.086674865714
"(0.0159, 0.0209, 160, 180, 0.33)",0.8849203084734888,1.2714167697701138,0.1597898393628765,284.07082553400437,1053.0,1,,-141.31028229789158
"(0.0187, 0.005, 200, 240, 0.5)",1.3921523726099785,3.070908200392651,0.1608329476962009,285.925240348802,3909.0,1,,-141.73130074948722
"(0.0215, 0.0202, 320, 180, 0.33)",0.9928232014954748,0.9421426642835375,0.163953794427193,291.47341231500934,2741.0,1,,-144.9078367504364
"(0.0213, 0.0061, 320, 180, 0.5)",1.269755141341608,1.3127979467462534,0.1646158446905491,292.6503905609745,5907.0,1,,-145.22005598383618
"(0.0205, 0.0124, 160, 240, 0.33)",1.0089985519413047,2.5765683292773627,0.1649024587858705,293.1599267304366,4823.0,1,,-145.73586727206288
"(0.0291, 0.0299, 160, 180, 1.0)",0.9182457316065826,1.2545051980442237,0.1653319381307081,293.9234455657042,1102.0,1,,-146.20880898937622
"(0.0219, 0.0168, 320, 180, 0.33)",1.119447482011659,1.106028375350519,0.1672375700836743,297.31123570430753,5138.0,1,,-147.7034079402258
"(0.026, 0.0269, 120, 240, 1.0)",0.9159191076855931,0.8831845582630045,0.1682907572064604,299.18356836703964,3373.0,1,,-148.84415583304067
