{
  "trend_kind": "roc",
  "trend_lookback": 120,
  "flip_band_entry": 0.02946117452092501,
  "flip_band_exit": 0.015429849009990178,
  "vol_window": 45,
  "vol_adapt_k": 0.0025,
  "target_vol": 0.3,
  "min_mult": 0.5,
  "max_mult": 1.5,
  "cooldown_minutes": 240,
  "step_allocation": 0.33,
  "max_position": 0.8,
  "gate_window_days": 30,
  "gate_roc_threshold": 0.02,

  "rebalance_threshold_w": 0.03,

  "maker_fee": 0.0002,
  "taker_fee": 0.0004,
  "slippage_bps": 1.0,
  "bnb_discount": 0.25,
  "pay_fees_in_bnb": true,

  "basis_btc": 0.16,
  "min_trade_frac": 0.0015,
  "min_trade_floor_btc": 0.0002,
  "min_trade_cap_btc": 0.002,
  "min_trade_btc": null
}
